{"cameraMode":{"drawMode":0,"name":"Shaded","section":"Shading Mode"},"sceneLighting":false,"audioPlay":false,"sceneViewState":{"showFog":true,"showMaterialUpdate":false,"showSkybox":false,"showFlares":true,"showImageEffects":true,"showParticleSystems":true},"in2DMode":false,"pivot":{"x":2.140963554382324,"y":-36.67226791381836,"z":54.133758544921878},"rotation":{"x":-0.3789704442024231,"y":-0.023041192442178727,"z":0.009439131245017052,"w":-0.9250759482383728},"size":55.02558898925781,"orthographic":false}