{"cameraMode":{"drawMode":0,"name":"Shaded","section":"Shading Mode"},"sceneLighting":false,"audioPlay":false,"sceneViewState":{"showFog":true,"showMaterialUpdate":false,"showSkybox":false,"showFlares":true,"showImageEffects":true,"showParticleSystems":true},"in2DMode":false,"pivot":{"x":-0.0014602653682231904,"y":0.008102424442768097,"z":-0.9965330362319946},"rotation":{"x":-0.21165931224822999,"y":0.018175261095166208,"z":-0.003937038592994213,"w":-0.9771685004234314},"size":0.9002158045768738,"orthographic":false}