{"cameraMode":{"drawMode":0,"name":"Shaded","section":"Shading Mode"},"sceneLighting":true,"audioPlay":false,"sceneViewState":{"showFog":true,"showMaterialUpdate":false,"showSkybox":true,"showFlares":true,"showImageEffects":true,"showParticleSystems":true},"in2DMode":false,"pivot":{"x":9.36097526550293,"y":-13.132963180541993,"z":53.010345458984378},"rotation":{"x":-0.32023927569389346,"y":-0.2938345670700073,"z":0.10520287603139878,"w":-0.8944523334503174},"size":32.008296966552737,"orthographic":false}