{"cameraMode":{"drawMode":0,"name":"Shaded","section":"Shading Mode"},"sceneLighting":false,"audioPlay":false,"sceneViewState":{"showFog":true,"showMaterialUpdate":false,"showSkybox":false,"showFlares":true,"showImageEffects":true,"showParticleSystems":true},"in2DMode":false,"pivot":{"x":0.5591211318969727,"y":-0.18487167358398438,"z":-1.2748644351959229},"rotation":{"x":0.01647685468196869,"y":0.9729561805725098,"z":-0.21839919686317445,"w":0.0734032690525055},"size":4.683764934539795,"orthographic":false}