{"cameraMode":{"drawMode":0,"name":"Shaded","section":"Shading Mode"},"sceneLighting":false,"audioPlay":false,"sceneViewState":{"showFog":true,"showMaterialUpdate":false,"showSkybox":false,"showFlares":true,"showImageEffects":true,"showParticleSystems":true},"in2DMode":false,"pivot":{"x":-0.08301588892936707,"y":-0.06165356934070587,"z":-1.0517117977142335},"rotation":{"x":-0.24365352094173432,"y":0.5193255543708801,"z":-0.15741412341594697,"w":-0.8038396239280701},"size":0.5235305428504944,"orthographic":false}