{"cameraMode":{"drawMode":0,"name":"Shaded","section":"Shading Mode"},"sceneLighting":true,"audioPlay":false,"sceneViewState":{"showFog":true,"showMaterialUpdate":false,"showSkybox":false,"showFlares":true,"showImageEffects":true,"showParticleSystems":true},"in2DMode":false,"pivot":{"x":-1.8448994159698487,"y":1.6782941818237305,"z":76.12040710449219},"rotation":{"x":-0.24057933688163758,"y":-0.42756518721580508,"z":0.11916676163673401,"w":-0.8631993532180786},"size":8.086482048034668,"orthographic":false}