{"cameraMode":{"drawMode":0,"name":"Shaded","section":"Shading Mode"},"sceneLighting":true,"audioPlay":false,"sceneViewState":{"showFog":true,"showMaterialUpdate":false,"showSkybox":false,"showFlares":true,"showImageEffects":true,"showParticleSystems":true},"in2DMode":false,"pivot":{"x":0.004000186920166016,"y":0.5289998054504395,"z":-0.0019998550415039064},"rotation":{"x":-0.24057933688163758,"y":-0.42756518721580508,"z":0.11916676163673401,"w":-0.8631993532180786},"size":32.00830078125,"orthographic":false}