{"cameraMode":{"drawMode":0,"name":"Shaded","section":"Shading Mode"},"sceneLighting":false,"audioPlay":false,"sceneViewState":{"showFog":true,"showMaterialUpdate":false,"showSkybox":false,"showFlares":true,"showImageEffects":true,"showParticleSystems":true},"in2DMode":false,"pivot":{"x":-0.04348594322800636,"y":-0.6812825798988342,"z":0.2729560136795044},"rotation":{"x":-0.2510938346385956,"y":0.0005786205292679369,"z":-0.0001504541141912341,"w":-0.9679648876190186},"size":2.2310991287231447,"orthographic":false}