{"cameraMode":{"drawMode":0,"name":"Shaded","section":"Shading Mode"},"sceneLighting":false,"audioPlay":false,"sceneViewState":{"showFog":true,"showMaterialUpdate":false,"showSkybox":false,"showFlares":true,"showImageEffects":true,"showParticleSystems":true},"in2DMode":false,"pivot":{"x":0.00025838613510131836,"y":-0.004066556692123413,"z":-0.9940792322158814},"rotation":{"x":-0.19195830821990968,"y":0.07998156547546387,"z":-0.015698222443461419,"w":-0.9780147671699524},"size":0.7950975298881531,"orthographic":false}