{"cameraMode":{"drawMode":0,"name":"Shaded","section":"Shading Mode"},"sceneLighting":false,"audioPlay":false,"sceneViewState":{"showFog":true,"showMaterialUpdate":false,"showSkybox":false,"showFlares":true,"showImageEffects":true,"showParticleSystems":true},"in2DMode":false,"pivot":{"x":-0.14799997210502625,"y":1.8201268911361695,"z":0.0},"rotation":{"x":-0.24246107041835786,"y":-0.10251428931951523,"z":0.025773286819458009,"w":-0.9643875956535339},"size":1.3029720783233643,"orthographic":false}