{"cameraMode":{"drawMode":0,"name":"Shaded","section":"Shading Mode"},"sceneLighting":false,"audioPlay":false,"sceneViewState":{"showFog":true,"showMaterialUpdate":false,"showSkybox":false,"showFlares":true,"showImageEffects":true,"showParticleSystems":true},"in2DMode":false,"pivot":{"x":0.0,"y":0.6374563574790955,"z":-0.049673233181238177},"rotation":{"x":-0.24057933688163758,"y":-0.42756518721580508,"z":0.11916676163673401,"w":-0.8631993532180786},"size":2.7868523597717287,"orthographic":false}