{"cameraMode":{"drawMode":0,"name":"Shaded","section":"Shading Mode"},"sceneLighting":true,"audioPlay":false,"sceneViewState":{"showFog":true,"showMaterialUpdate":false,"showSkybox":true,"showFlares":true,"showImageEffects":true,"showParticleSystems":true},"in2DMode":false,"pivot":{"x":-0.11999999731779099,"y":1.6799999475479127,"z":0.0},"rotation":{"x":-0.24057933688163758,"y":-0.42756518721580508,"z":0.11916676163673401,"w":-0.8631993532180786},"size":7.19111967086792,"orthographic":false}