{"cameraMode":{"drawMode":0,"name":"Shaded","section":"Shading Mode"},"sceneLighting":false,"audioPlay":false,"sceneViewState":{"showFog":true,"showMaterialUpdate":false,"showSkybox":false,"showFlares":true,"showImageEffects":true,"showParticleSystems":true},"in2DMode":false,"pivot":{"x":-0.28206196427345278,"y":-0.2590961456298828,"z":-0.23386764526367188},"rotation":{"x":-0.24236077070236207,"y":0.009311480447649956,"z":-0.0023263986222445966,"w":-0.970140278339386},"size":4.829385280609131,"orthographic":false}