{"cameraMode":{"drawMode":0,"name":"Shaded","section":"Shading Mode"},"sceneLighting":true,"audioPlay":false,"sceneViewState":{"showFog":true,"showMaterialUpdate":false,"showSkybox":true,"showFlares":true,"showImageEffects":true,"showParticleSystems":true},"in2DMode":false,"pivot":{"x":-5.869999885559082,"y":2.640000104904175,"z":7.630000114440918},"rotation":{"x":0.23184503614902497,"y":0.014590319246053696,"z":-0.0034797703847289087,"w":0.9726397395133972},"size":9.172479629516602,"orthographic":false}