{"cameraMode":{"drawMode":0,"name":"Shaded","section":"Shading Mode"},"sceneLighting":true,"audioPlay":false,"sceneViewState":{"showFog":true,"showMaterialUpdate":false,"showSkybox":true,"showFlares":true,"showImageEffects":true,"showParticleSystems":true},"in2DMode":false,"pivot":{"x":1.5412278175354005,"y":1.441699504852295,"z":-0.6439253091812134},"rotation":{"x":-0.20329280197620393,"y":0.5843062996864319,"z":-0.15418584644794465,"w":-0.7703906297683716},"size":7.597036361694336,"orthographic":false}