{"cameraMode":{"drawMode":0,"name":"Shaded","section":"Shading Mode"},"sceneLighting":true,"audioPlay":false,"sceneViewState":{"showFog":true,"showMaterialUpdate":false,"showSkybox":true,"showFlares":true,"showImageEffects":true,"showParticleSystems":true},"in2DMode":false,"pivot":{"x":-0.6482251286506653,"y":0.36237362027168276,"z":-1.8746919631958008},"rotation":{"x":0.26870763301849368,"y":-0.54443359375,"z":0.1896173059940338,"w":0.7716823220252991},"size":1.95112144947052,"orthographic":false}