{"cameraMode":{"drawMode":0,"name":"Shaded","section":"Shading Mode"},"sceneLighting":false,"audioPlay":false,"sceneViewState":{"showFog":true,"showMaterialUpdate":false,"showSkybox":false,"showFlares":true,"showImageEffects":true,"showParticleSystems":true},"in2DMode":false,"pivot":{"x":-0.0018811225891113282,"y":0.5927538871765137,"z":-1.0},"rotation":{"x":0.12582780420780183,"y":0.40036123991012576,"z":-0.05559762567281723,"w":0.9059841632843018},"size":0.9011048078536987,"orthographic":false}