{"cameraMode":{"drawMode":0,"name":"Shaded","section":"Shading Mode"},"sceneLighting":true,"audioPlay":false,"sceneViewState":{"showFog":true,"showMaterialUpdate":false,"showSkybox":true,"showFlares":true,"showImageEffects":true,"showParticleSystems":true},"in2DMode":false,"pivot":{"x":-1.077382206916809,"y":1.9496275186538697,"z":0.32501816749572756},"rotation":{"x":0.3426886796951294,"y":-0.039716560393571857,"z":0.014512716792523861,"w":0.9385090470314026},"size":3.7300808429718019,"orthographic":false}