{"cameraMode":{"drawMode":0,"name":"Shaded","section":"Shading Mode"},"sceneLighting":false,"audioPlay":false,"sceneViewState":{"showFog":true,"showMaterialUpdate":false,"showSkybox":false,"showFlares":true,"showImageEffects":true,"showParticleSystems":true},"in2DMode":false,"pivot":{"x":0.0,"y":-0.12978249788284303,"z":-1.0795931816101075},"rotation":{"x":-0.21948760747909547,"y":0.25160303711891177,"z":-0.058717016130685809,"w":-0.9408137202262878},"size":1.0054956674575806,"orthographic":false}