{"cameraMode":{"drawMode":0,"name":"Shaded","section":"Shading Mode"},"sceneLighting":true,"audioPlay":false,"sceneViewState":{"showFog":true,"showMaterialUpdate":false,"showSkybox":true,"showFlares":true,"showImageEffects":true,"showParticleSystems":true},"in2DMode":false,"pivot":{"x":0.17057304084300996,"y":0.7895902395248413,"z":-1.199352741241455},"rotation":{"x":-0.21314848959445954,"y":0.29943546652793887,"z":-0.06881658732891083,"w":-0.9274545311927795},"size":22.0,"orthographic":false}