{"cameraMode":{"drawMode":0,"name":"Shaded","section":"Shading Mode"},"sceneLighting":true,"audioPlay":false,"sceneViewState":{"showFog":true,"showMaterialUpdate":false,"showSkybox":false,"showFlares":true,"showImageEffects":true,"showParticleSystems":true},"in2DMode":false,"pivot":{"x":-0.8517055511474609,"y":1.449108600616455,"z":-6.6710205078125},"rotation":{"x":0.2721562087535858,"y":0.6785499453544617,"z":-0.3018043339252472,"w":0.6119027733802795},"size":299.1611328125,"orthographic":false}