{"cameraMode":{"drawMode":0,"name":"Shaded","section":"Shading Mode"},"sceneLighting":false,"audioPlay":false,"sceneViewState":{"showFog":true,"showMaterialUpdate":false,"showSkybox":false,"showFlares":true,"showImageEffects":true,"showParticleSystems":true},"in2DMode":false,"pivot":{"x":9.313225746154786e-10,"y":-0.05380463972687721,"z":0.00537986122071743},"rotation":{"x":0.1348966360092163,"y":0.4432870149612427,"z":-0.06767668575048447,"w":0.8835848569869995},"size":0.5596120953559876,"orthographic":true}