{"cameraMode":{"drawMode":0,"name":"Shaded","section":"Shading Mode"},"sceneLighting":true,"audioPlay":false,"sceneViewState":{"showFog":true,"showMaterialUpdate":false,"showSkybox":true,"showFlares":true,"showImageEffects":true,"showParticleSystems":true},"in2DMode":false,"pivot":{"x":0.21858735382556916,"y":0.44468533992767336,"z":-1.119131326675415},"rotation":{"x":0.2051306813955307,"y":-0.09554634243249893,"z":0.020135311409831048,"w":0.9738743305206299},"size":1.4168241024017335,"orthographic":false}