{"cameraMode":{"drawMode":0,"name":"Shaded","section":"Shading Mode"},"sceneLighting":true,"audioPlay":false,"sceneViewState":{"showFog":true,"showMaterialUpdate":false,"showSkybox":true,"showFlares":true,"showImageEffects":true,"showParticleSystems":true},"in2DMode":false,"pivot":{"x":-0.02647511661052704,"y":0.39219555258750918,"z":-0.8723394274711609},"rotation":{"x":0.09034085273742676,"y":0.05494895204901695,"z":-0.00498346658423543,"w":0.9944040775299072},"size":1.606720209121704,"orthographic":false}