{"cameraMode":{"drawMode":0,"name":"Shaded","section":"Shading Mode"},"sceneLighting":true,"audioPlay":false,"sceneViewState":{"showFog":true,"showMaterialUpdate":false,"showSkybox":true,"showFlares":true,"showImageEffects":true,"showParticleSystems":true},"in2DMode":false,"pivot":{"x":-0.5379848480224609,"y":-0.661460816860199,"z":0.40387582778930666},"rotation":{"x":0.1714244782924652,"y":0.07647040486335755,"z":-0.013341523706912995,"w":0.9821448922157288},"size":2.80177640914917,"orthographic":false}