{"cameraMode":{"drawMode":0,"name":"Shaded","section":"Shading Mode"},"sceneLighting":true,"audioPlay":false,"sceneViewState":{"showFog":true,"showMaterialUpdate":false,"showSkybox":true,"showFlares":true,"showImageEffects":true,"showParticleSystems":true},"in2DMode":false,"pivot":{"x":-0.4294273257255554,"y":-0.38647979497909548,"z":4.0740556716918949},"rotation":{"x":0.13218963146209718,"y":0.01903274469077587,"z":-0.0025392910465598108,"w":0.9910558462142944},"size":4.0578837394714359,"orthographic":false}