{"cameraMode":{"drawMode":0,"name":"Shaded","section":"Shading Mode"},"sceneLighting":false,"audioPlay":false,"sceneViewState":{"showFog":true,"showMaterialUpdate":false,"showSkybox":false,"showFlares":true,"showImageEffects":true,"showParticleSystems":true},"in2DMode":false,"pivot":{"x":0.0000069141387939453128,"y":0.0,"z":0.04043812304735184},"rotation":{"x":0.16632713377475739,"y":-0.005349323619157076,"z":0.00092388188932091,"w":0.9860869646072388},"size":2.2549021244049074,"orthographic":false}