{"cameraMode":{"drawMode":0,"name":"Shaded","section":"Shading Mode"},"sceneLighting":false,"audioPlay":false,"sceneViewState":{"showFog":true,"showMaterialUpdate":false,"showSkybox":false,"showFlares":true,"showImageEffects":true,"showParticleSystems":true},"in2DMode":false,"pivot":{"x":-2.571000099182129,"y":0.6967707872390747,"z":0.0},"rotation":{"x":0.03422627970576286,"y":-0.9328357577323914,"z":0.34665438532829287,"w":0.09209828823804856},"size":3.301950216293335,"orthographic":false}